{"name":"ec713322-9f52-4fbc-83bb-f1d3026f6925","id":"/providers/Microsoft.Flow/flows/ec713322-9f52-4fbc-83bb-f1d3026f6925","type":"Microsoft.Flow/flows","properties":{"apiId":"/providers/Microsoft.PowerApps/apis/shared_logicflows","displayName":"Execute SQL stored procedure on PowerApps button click","definition":{"metadata":{"workflowEntityId":null,"creator":{"id":"05e3040a-7bf0-486a-8a17-7eacf593ab60","type":"User","tenantId":"ea8a3c85-ec25-42bb-9ecf-f645da74c7d4"},"provisioningMethod":"FromDefinition","failureAlertSubscription":true,"clientLastModifiedTime":"2020-03-04T15:01:55.4302632Z"},"$schema":"https://schema.management.azure.com/providers/Microsoft.Logic/schemas/2016-06-01/workflowdefinition.json#","contentVersion":"1.0.0.0","parameters":{"$connections":{"defaultValue":{},"type":"Object"},"$authentication":{"defaultValue":{},"type":"SecureObject"}},"triggers":{"manual":{"type":"Request","kind":"PowerApp","inputs":{"schema":{"type":"object","properties":{},"required":[]}}}},"actions":{"Execute_stored_procedure_(V2)":{"runAfter":{},"type":"OpenApiConnection","inputs":{"host":{"apiId":"/providers/Microsoft.PowerApps/apis/shared_sql","connectionName":"shared_sql","operationId":"ExecuteProcedure_V2"},"parameters":{"server":"default","database":"default","procedure":"[dbo].[spFetchUpdateAlerts]"},"authentication":{"value":"@json(decodeBase64(triggerOutputs().headers['X-MS-APIM-Tokens']))['$ConnectionKey']","type":"Raw"}}},"Response":{"runAfter":{"Execute_stored_procedure_(V2)":["Succeeded"]},"type":"Response","kind":"Http","inputs":{"statusCode":200,"body":"@outputs('Execute_stored_procedure_(V2)')?['body/outputparameters']","schema":{"type":"object","properties":{"NewAlertsCount":{"type":"number"},"BlobUrl":{"type":"string"}},"required":["NewAlertsCount","BlobUrl"]}}}},"outputs":{},"description":"When PowerApps control is triggered then SQL stored procedure should be executed."},"connectionReferences":{"shared_sql":{"connectionName":"shared-sql-4cb5f57d-453d-4b4b-a71f-9f68e3f31435","source":"Invoker","id":"/providers/Microsoft.PowerApps/apis/shared_sql","tier":"NotSpecified"}},"flowFailureAlertSubscribed":false}}