{"schemaVersion":"1.0","appDefinitionTemplate":{"id":"/providers/Microsoft.PowerApps/apps/","type":"Microsoft.PowerApps/apps","tags":{"primaryDeviceWidth":"1366","primaryDeviceHeight":"768","sienaVersion":"20200326T022321Z-3.20022.21.0","deviceCapabilities":"","supportsPortrait":"false","supportsLandscape":"true","primaryFormFactor":"Tablet","publisherVersion":"3.20022.21","minimumRequiredApiVersion":"2.2.0","hasComponent":"false","hasUnlockedComponent":"false"},"properties":{"appVersion":"2020-03-26T02:23:21Z","lifeCycleId":"Published","createdByClientVersion":{"major":3,"minor":20022,"build":21,"revision":0,"majorRevision":0,"minorRevision":0},"minClientVersion":{"major":3,"minor":20022,"build":21,"revision":0,"majorRevision":0,"minorRevision":0},"backgroundColor":"rgba(0, 176, 240, 1)","backgroundImageUri":"/3963600709832390619/N38933b62-187b-4e4c-a53c-ced685d6e6af-logoSmallFile","displayName":"MWC","description":"","commitMessage":"","appUris":{"documentUri":{"value":"/3963600709832390619/Nb06e1c2b-c0a3-4810-8903-78d86ee2ed4d-document.msapp","readonlyValue":"/3963600709832390619/Nb06e1c2b-c0a3-4810-8903-78d86ee2ed4d-document.msapp"},"imageUris":[]},"createdTime":"0001-01-01T00:00:00Z","lastModifiedTime":"0001-01-01T00:00:00Z","sharedGroupsCount":0,"sharedUsersCount":0,"icons":{"smallIconUri":"/3963600709832390619/N73304119-ddb7-4b48-9bea-2359a95893ac-small.png","mediumIconUri":"/3963600709832390619/N0c3edd60-1f08-414f-964d-333117b805eb-medium.png","largeIconUri":"/3963600709832390619/N5b8ea62c-fc0b-4641-b072-9f3be82fb9f5-large.png","wideIconUri":"/3963600709832390619/Nfafa3711-ef96-4b50-96d7-2d41335c33b4-wide.png"},"connectionReferences":{"0f21025d-9037-46a0-a57b-66819ef98a70":{"id":"86125103-5ec6-4890-a724-ccf44c69e115","displayName":"Logic flows","iconUri":"https://resourcestackdeploy.blob.core.windows.net/scripts/13276078.png","dataSources":["ExecuteSQLstoredprocedureonPowerAppsbuttonclick"],"dependencies":["e160d8fe-11c4-4c0a-a8dc-5a8621eecbe1"],"dependents":[],"parameterHints":{"workflowName":{"value":"1c4f2580-346a-409f-afd3-852b45f09aae"},"e160d8fe-11c4-4c0a-a8dc-5a8621eecbe1":{"value":"shared_sql"}},"isOnPremiseConnection":false,"bypassConsent":false,"dataSets":{},"apiTier":"Standard","isCustomApiConnection":false},"e160d8fe-11c4-4c0a-a8dc-5a8621eecbe1":{"id":"30fc02d3-e529-449d-acdb-088a0f35f5d2","displayName":"SQL Server","iconUri":"https://connectoricons-prod.azureedge.net/sql/icon_1.0.1320.1929.png","dataSources":[],"dependencies":[],"dependents":["0f21025d-9037-46a0-a57b-66819ef98a70"],"parameterHints":{},"isOnPremiseConnection":false,"sharedConnectionId":"37af7dc9-d6d6-4097-b66d-b28cdb618e65","bypassConsent":false,"dataSets":{},"apiTier":"Premium","isCustomApiConnection":false}},"databaseReferences":{},"almMode":"Environment","performanceOptimizationEnabled":false,"canConsumeAppPass":true},"isAppComponentLibrary":false,"appType":"ClassicCanvasApp","appComponents":[]}}